"Animal.model","correlation","ci_lower","ci_upper","sample_size"
"Chickens",0.709879954324284,0.145113412755003,0.925738857830547,10
"Dairy Cow",0.658458953211713,0.470017863900311,0.789492480054094,52
"Mice",-0.690399218091227,-0.772073891415067,-0.586290112998604,126
