"","Animal.model","correlation","ci_lower","ci_upper","sample_size","fisher_z","se"
"1","Chickens",0.709879954324284,0.145113412755003,0.925738857830547,10,0.886941828475178,0.377964473009227
"2","Dairy Cow",0.658458953211713,0.470017863900311,0.789492480054094,52,0.790088120687413,0.142857142857143
"3","Mice",-0.690399218091227,-0.772073891415067,-0.586290112998604,126,-0.848718168242896,0.0901669634667432
